Recipe Title,Recipe URL,Would Make Again %,Tips Count,Inlink
Southwestern Sweet Potato Toast Recipe by Tasty,https://tasty.co/recipe/southwestern-sweet-potato-toast,80,6,https://tasty.co/topic/game-day
Bacon & Eggs Sweet Potato Toast Recipe by Tasty,https://tasty.co/recipe/bacon-eggs-sweet-potato-toast,100,5,https://tasty.co/recipe/southwestern-sweet-potato-toast
PB&B Sweet Potato Toast Recipe by Tasty,https://tasty.co/recipe/pb-b-sweet-potato-toast,81,15,https://tasty.co/recipe/southwestern-sweet-potato-toast
Buffalo Meatball Corn Dogs Recipe by Tasty,https://tasty.co/recipe/buffalo-meatball-corn-dogs,88,8,https://tasty.co/topic/game-day
Country Fried Steak And Gravy Recipe by Tasty,https://tasty.co/recipe/country-fried-steak-and-gravy,94,81,https://tasty.co/recipe/buffalo-meatball-corn-dogs
Rib Eye Steak With Blue Cheese Compound Butter And Crispy Onion Strings Recipe by Tasty,https://tasty.co/recipe/rib-eye-steak-with-blue-cheese-compound-butter-and-crispy-onion-strings,98,14,https://tasty.co/recipe/country-fried-steak-and-gravy
Homemade Vegan Burger With Vegan Aioli Recipe by Tasty,https://tasty.co/recipe/homemade-vegan-burger-with-vegan-aioli,64,9,https://tasty.co/recipe/rib-eye-steak-with-blue-cheese-compound-butter-and-crispy-onion-strings
3-Hour Burger Recipe by Tasty,https://tasty.co/recipe/3-hour-burger,91,9,https://tasty.co/recipe/homemade-vegan-burger-with-vegan-aioli
Kale- Sweet Potato- and Onion Frittata Recipe by Tasty,https://tasty.co/recipe/kale-sweet-potato-and-onion-frittata,87,10,https://tasty.co/recipe/3-hour-burger
Miso and Mushroom Arancini,https://tasty.co/recipe/jens-japanese-arancini,81,4,https://tasty.co/recipe/kale-sweet-potato-and-onion-frittata
One Whole Chicken- Three Different Meals,https://tasty.co/recipe/one-whole-chicken-three-different-meals,91,4,https://tasty.co/recipe/jens-japanese-arancini
Roast Chicken Recipe by Tasty,https://tasty.co/recipe/roast-chicken,86,49,https://tasty.co/recipe/one-whole-chicken-three-different-meals
Instant-Pot Whole Herb Chicken Recipe by Tasty,https://tasty.co/recipe/instant-pot-whole-herb-chicken,84,40,https://tasty.co/recipe/roast-chicken
Slow-Cooker Pot Roast Recipe by Tasty,https://tasty.co/recipe/slow-cooker-pot-roast-1,95,39,https://tasty.co/recipe/instant-pot-whole-herb-chicken
Lemon Garlic Slow Cook Chicken Recipe by Tasty,https://tasty.co/recipe/lemon-garlic-slow-cook-chicken,93,24,https://tasty.co/recipe/slow-cooker-pot-roast-1
Foil Pack Chicken And Rainbow Veggies Recipe by Tasty,https://tasty.co/recipe/foil-pack-chicken-and-rainbow-veggies,98,34,https://tasty.co/recipe/lemon-garlic-slow-cook-chicken
Cheesy Taco Breadsticks Recipe by Tasty,https://tasty.co/recipe/cheesy-taco-breadsticks,93,67,https://tasty.co/recipe/foil-pack-chicken-and-rainbow-veggies
Egg-In-Hole Layered Breakfast Bake Recipe by Tasty,https://tasty.co/recipe/ham-cheese-egg-in-the-hole-layered-bake,92,5,https://tasty.co/recipe/cheesy-taco-breadsticks
Eggs Florentine Domes Recipe by Tasty,https://tasty.co/recipe/eggs-florentine-domes,93,15,https://tasty.co/recipe/ham-cheese-egg-in-the-hole-layered-bake
Homemade Lumpia Recipe by Tasty,https://tasty.co/recipe/homemade-lumpia,97,77,https://tasty.co/recipe/eggs-florentine-domes
Sloppy Joe Egg Rolls Recipe by Tasty,https://tasty.co/recipe/sloppy-joe-egg-rolls,95,30,https://tasty.co/recipe/homemade-lumpia
Takeout-Style Veggie Egg Rolls Recipe by Tasty,https://tasty.co/recipe/takeout-style-veggie-egg-rolls,99,35,https://tasty.co/recipe/sloppy-joe-egg-rolls
Vegan Tofu Bao Buns With Pickled Vegetables Recipe by Tasty,https://tasty.co/recipe/vegan-tofu-bao-buns-with-pickled-vegetables,93,28,https://tasty.co/recipe/takeout-style-veggie-egg-rolls
Pan-Fried Soup Dumplings Recipe by Tasty,https://tasty.co/recipe/pan-fried-soup-dumplings,95,71,https://tasty.co/recipe/vegan-tofu-bao-buns-with-pickled-vegetables
Frying Pan Soup Dumplings Recipe by Tasty,https://tasty.co/recipe/frying-pan-soup-dumplings,92,55,https://tasty.co/recipe/pan-fried-soup-dumplings
Deep-Fried Shrimp Onigiri Recipe by Tasty,https://tasty.co/recipe/deep-fried-shrimp-onigiri,88,3,https://tasty.co/recipe/frying-pan-soup-dumplings
Mandu,https://tasty.co/recipe/daniels-mandu,94,19,https://tasty.co/recipe/deep-fried-shrimp-onigiri
Sushi Rice Dip Recipe by Tasty,https://tasty.co/recipe/sushi-rice-dip,95,26,https://tasty.co/recipe/daniels-mandu
Beef Broccoli-Stuffed Rice Triangles Recipe by Tasty,https://tasty.co/recipe/beef-broccoli-stuffed-rice-triangles,88,49,https://tasty.co/recipe/sushi-rice-dip
Vegetarian Pad See Ew Recipe by Tasty,https://tasty.co/recipe/vegetarian-pad-see-ew,95,54,https://tasty.co/recipe/beef-broccoli-stuffed-rice-triangles
Honey-Garlic Shrimp Chow Mein Recipe by Tasty,https://tasty.co/recipe/honey-garlic-shrimp-chow-mein,96,97,https://tasty.co/recipe/vegetarian-pad-see-ew
Chicken Teriyaki Chow Mein Recipe by Tasty,https://tasty.co/recipe/chicken-teriyaki-chow-mein,97,558,https://tasty.co/recipe/honey-garlic-shrimp-chow-mein
Teriyaki Chicken Fried Rice Dome,https://tasty.co/recipe/teriyaki-chicken-fried-rice-dome,96,146,https://tasty.co/recipe/honey-garlic-shrimp-chow-mein
Paleo Beef and Veggie Stir-fry Recipe by Tasty,https://tasty.co/recipe/paleo-beef-and-veggie-stir-fry,96,27,https://tasty.co/recipe/teriyaki-chicken-fried-rice-dome
Dominican Pasteles En Hoja As Made By Julissa Calderon Recipe by Tasty,https://tasty.co/recipe/dominican-pasteles-en-hoja-as-made-by-julissa-calderon,80,2,https://tasty.co/recipe/paleo-beef-and-veggie-stir-fry
Whiskey-Glazed Chicken And Shrimp With Garlic Mashed Potatoes,https://tasty.co/recipe/whiskey-glazed-chicken-and-shrimp-with-garlic-mashed-potatoes,98,48,https://tasty.co/recipe/dominican-pasteles-en-hoja-as-made-by-julissa-calderon
Pastelón Recipe by Tasty,https://tasty.co/recipe/pastelon,94,44,https://tasty.co/recipe/whiskey-glazed-chicken-and-shrimp-with-garlic-mashed-potatoes
Stuffed Hash Brown Pockets Recipe by Tasty,https://tasty.co/recipe/stuffed-hash-brown-pockets,81,6,https://tasty.co/recipe/pastelon
Hash Brown Bombs Recipe by Tasty,https://tasty.co/recipe/hash-brown-bombs,78,19,https://tasty.co/recipe/stuffed-hash-brown-pockets
Yellow Squash Lasagna Recipe by Tasty,https://tasty.co/recipe/yellow-squash-lasagna,94,13,https://tasty.co/recipe/hash-brown-bombs
Lasagna Dome Recipe by Tasty,https://tasty.co/recipe/lasagna-dome,91,50,https://tasty.co/recipe/yellow-squash-lasagna
Vegetable Gratin 3 Ways Recipe by Tasty,https://tasty.co/recipe/vegetable-gratin-3-ways,89,8,https://tasty.co/recipe/lasagna-dome
Enchilada Stuffed Shells Recipe by Tasty,https://tasty.co/recipe/enchilada-stuffed-shells,95,27,https://tasty.co/recipe/vegetable-gratin-3-ways
Pumpkin Chili Cheese Dip Recipe by Tasty,https://tasty.co/recipe/pumpkin-chili-cheese-dip,95,7,https://tasty.co/recipe/vegetable-gratin-3-ways
The Best Layered Lasagna Recipe by Tasty,https://tasty.co/recipe/the-best-layered-lasagna,96,130,https://tasty.co/recipe/vegetable-gratin-3-ways
Easy Weeknight Instant Pot Lasagna,https://tasty.co/recipe/instant-pot-lasagna,87,25,https://tasty.co/recipe/lasagna-dome
Lasagna Chips And Dip Recipe by Tasty,https://tasty.co/recipe/lasagna-chips-and-dip,89,11,https://tasty.co/recipe/yellow-squash-lasagna
Sweet Potato And Black Bean Burritos Recipe by Tasty,https://tasty.co/recipe/sweet-potato-and-black-bean-burritos,99,37,https://tasty.co/recipe/yellow-squash-lasagna
Butternut Squash Stuffed Pasta Bake Recipe by Tasty,https://tasty.co/recipe/butternut-squash-stuffed-pasta-bake,97,65,https://tasty.co/recipe/yellow-squash-lasagna
Protein-Packed Quesarito Recipe by Tasty,https://tasty.co/recipe/protein-packed-quesarito,96,16,https://tasty.co/recipe/yellow-squash-lasagna
Sheet Pan Party Quesadilla 4 Ways Recipe by Tasty,https://tasty.co/recipe/sheet-pan-party-quesadilla-4-ways,96,30,https://tasty.co/recipe/hash-brown-bombs
Cheddar- Sausage- And Egg Breakfast Casserole,https://tasty.co/recipe/cheddar-sausage-and-egg-breakfast-bake,93,21,https://tasty.co/recipe/hash-brown-bombs
Chili-cheese Garlic Bread Rolls Recipe by Tasty,https://tasty.co/recipe/chili-cheese-garlic-bread-rolls,100,32,https://tasty.co/recipe/hash-brown-bombs
Zucchini “Enchiladas” Recipe by Tasty,https://tasty.co/recipe/zucchini-enchiladas,93,64,https://tasty.co/recipe/hash-brown-bombs
Scalloped Potato Roll Recipe by Tasty,https://tasty.co/recipe/scalloped-potato-roll,96,260,https://tasty.co/recipe/stuffed-hash-brown-pockets
Steak And Eggs Hash Recipe by Tasty,https://tasty.co/recipe/steak-and-eggs-hash,94,41,https://tasty.co/recipe/pastelon
Mofongo Stuffing Recipe by Tasty,https://tasty.co/recipe/mofongo-stuffing,83,7,https://tasty.co/recipe/pastelon
Chili Mac 'N' Cheese Pops Recipe by Tasty,https://tasty.co/recipe/chili-mac-n-cheese-pops,76,3,https://tasty.co/recipe/pastelon
Chicken Parmesan As Made By Chris Nasatrini Recipe by Tasty,https://tasty.co/recipe/chicken-parmesan-as-made-by-chris-nasatrini,98,66,https://tasty.co/recipe/whiskey-glazed-chicken-and-shrimp-with-garlic-mashed-potatoes
Fajita Chicken And Rice Dinner Recipe by Tasty,https://tasty.co/recipe/fajita-chicken-and-rice-dinner,98,71,https://tasty.co/recipe/whiskey-glazed-chicken-and-shrimp-with-garlic-mashed-potatoes
Cioppino (Seafood Tomato Stew) Recipe by Tasty,https://tasty.co/recipe/cioppino,97,36,https://tasty.co/recipe/paleo-beef-and-veggie-stir-fry
Easy Juicy Chicken Marsala Recipe by Tasty,https://tasty.co/recipe/easy-juicy-chicken-marsala,95,72,https://tasty.co/recipe/paleo-beef-and-veggie-stir-fry
Lamb Biryani Recipe by Tasty,https://tasty.co/recipe/lamb-biryani,84,13,https://tasty.co/recipe/paleo-beef-and-veggie-stir-fry
Spring Vegetable Potstickers Recipe by Tasty,https://tasty.co/recipe/spring-vegetable-potstickers,96,33,https://tasty.co/recipe/teriyaki-chicken-fried-rice-dome
Thai-Style Chicken And Prawn Fried Noodles (Pad Thai) Recipe by Tasty,https://tasty.co/recipe/thai-style-chicken-and-prawn-fried-noodles-pad-thai,92,12,https://tasty.co/recipe/honey-garlic-shrimp-chow-mein
Veggie-Packed Chow Mein Recipe by Tasty,https://tasty.co/recipe/veggie-packed-chow-mein,96,48,https://tasty.co/recipe/honey-garlic-shrimp-chow-mein
Low-Carb Pad Thai Recipe by Tasty,https://tasty.co/recipe/low-carb-pad-thai,88,12,https://tasty.co/recipe/honey-garlic-shrimp-chow-mein
Beef and Broccoli Stir Fry,https://tasty.co/recipe/beef-and-broccoli-stir-fry,98,97,https://tasty.co/recipe/vegetarian-pad-see-ew
Lettuce Wraps Recipe by Tasty,https://tasty.co/recipe/lettuce-wraps,95,80,https://tasty.co/recipe/vegetarian-pad-see-ew
Crispy Chicken Teriyaki Rice Balls Recipe by Tasty,https://tasty.co/recipe/crispy-chicken-teriyaki-rice-balls,81,41,https://tasty.co/recipe/vegetarian-pad-see-ew
1-Hour Noodles (Zha Jiang Mian) Recipe by Tasty,https://tasty.co/recipe/1-hour-noodles-zha-jiang-mian,92,8,https://tasty.co/recipe/vegetarian-pad-see-ew
Beef & Broccoli Chow Mein Recipe by Tasty,https://tasty.co/recipe/beef-broccoli-chow-mein,96,115,https://tasty.co/recipe/vegetarian-pad-see-ew
Sartù Di Riso By Antoni Porowski Recipe by Tasty,https://tasty.co/recipe/sartu-di-riso-as-made-by-antoni-porowski,90,43,https://tasty.co/recipe/sushi-rice-dip
Curry Sticky Rice Stuffed With Short Rib By Chef JJ Johnson Recipe by Tasty,https://tasty.co/recipe/curry-sticky-rice-stuffed-with-short-rib-by-chef-jj-johnson,90,8,https://tasty.co/recipe/sushi-rice-dip
Gyoza Dumplings Recipe by Tasty,https://tasty.co/recipe/gyoza-dumplings,97,52,https://tasty.co/recipe/frying-pan-soup-dumplings
Easy Sushi Sandwiches Recipe by Tasty,https://tasty.co/recipe/easy-sushi-sandwiches,80,16,https://tasty.co/recipe/frying-pan-soup-dumplings
Rainbow Sheet-Pan Pizza Recipe by Tasty,https://tasty.co/recipe/rainbow-sheet-pan-pizza,90,27,https://tasty.co/recipe/pan-fried-soup-dumplings
Fettuccine Alfredo–stuffed Garlic Bread Recipe by Tasty,https://tasty.co/recipe/fettuccine-alfredo-stuffed-garlic-bread,68,15,https://tasty.co/recipe/vegan-tofu-bao-buns-with-pickled-vegetables
Homemade Dumplings Recipe by Tasty,https://tasty.co/recipe/homemade-dumplings,96,115,https://tasty.co/recipe/takeout-style-veggie-egg-rolls
Rie’s Gyoza Recipe by Tasty,https://tasty.co/recipe/ries-gyoza,99,65,https://tasty.co/recipe/takeout-style-veggie-egg-rolls
Lisa’s Goutie Recipe by Tasty,https://tasty.co/recipe/lisas-goutie,96,28,https://tasty.co/recipe/takeout-style-veggie-egg-rolls
Shrimp Tempura Rice Burger Recipe by Tasty,https://tasty.co/recipe/shrimp-tempura-rice-burger,87,15,https://tasty.co/recipe/takeout-style-veggie-egg-rolls
Cheesy Wonton Nachos Recipe by Tasty,https://tasty.co/recipe/cheesy-wonton-nachos,95,11,https://tasty.co/recipe/sloppy-joe-egg-rolls
Loaded Savory Vegetable Crostata Recipe by Tasty,https://tasty.co/recipe/loaded-savory-vegetable-crostata,94,19,https://tasty.co/recipe/sloppy-joe-egg-rolls
Holiday Vegetable Wellington Recipe by Tasty,https://tasty.co/recipe/holiday-vegetable-wellington,86,18,https://tasty.co/recipe/homemade-lumpia
Steak-Stuffed Garlic Bread Recipe by Tasty,https://tasty.co/recipe/steak-stuffed-garlic-bread,90,7,https://tasty.co/recipe/homemade-lumpia
BLT Eggs Benedict Recipe by Tasty,https://tasty.co/recipe/blt-eggs-benedict,91,9,https://tasty.co/recipe/eggs-florentine-domes
Pork And Chicken Hallacas Recipe by Tasty,https://tasty.co/recipe/pork-and-chicken-hallacas,79,9,https://tasty.co/recipe/eggs-florentine-domes
Garlic Bread Meatball Sliders Recipe by Tasty,https://tasty.co/recipe/garlic-bread-meatball-sliders,99,45,https://tasty.co/recipe/ham-cheese-egg-in-the-hole-layered-bake
Low-Carb Eggplant Lasagna Recipe by Tasty,https://tasty.co/recipe/low-carb-eggplant-lasagna,94,86,https://tasty.co/recipe/ham-cheese-egg-in-the-hole-layered-bake
Monte Cristo Pull-Apart Sliders Recipe by Tasty,https://tasty.co/recipe/monte-cristo-pull-apart-sliders,92,51,https://tasty.co/recipe/ham-cheese-egg-in-the-hole-layered-bake
Sloppy Joe On A Stick Recipe by Tasty,https://tasty.co/recipe/sloppy-joe-on-a-stick,92,11,https://tasty.co/recipe/cheesy-taco-breadsticks
Double Cheeseburger For A Crowd Recipe by Tasty,https://tasty.co/recipe/double-cheeseburger-for-a-crowd,97,43,https://tasty.co/recipe/cheesy-taco-breadsticks
Mushroom Wellington Recipe by Tasty,https://tasty.co/recipe/mushroom-wellington,96,99,https://tasty.co/recipe/cheesy-taco-breadsticks
Pizza Nachos Recipe by Tasty,https://tasty.co/recipe/pizza-nachos-recipe,90,13,https://tasty.co/recipe/cheesy-taco-breadsticks
Sausage- Onion- and Peppers Pizza Roll Recipe by Tasty,https://tasty.co/recipe/sausage-onion-and-peppers-pizza-roll,96,11,https://tasty.co/recipe/cheesy-taco-breadsticks
Stuffed Meatball Pie Recipe by Tasty,https://tasty.co/recipe/stuffed-meatball-pie,92,11,https://tasty.co/recipe/foil-pack-chicken-and-rainbow-veggies
Easy Foil-Pack Lemon And Rosemary Chicken Dinner Recipe by Tasty,https://tasty.co/recipe/easy-foil-pack-lemon-and-rosemary-chicken-dinner,91,30,https://tasty.co/recipe/foil-pack-chicken-and-rainbow-veggies
Cheesesteak Roll-Ups Recipe by Tasty,https://tasty.co/recipe/cheesesteak-roll-ups,95,16,https://tasty.co/recipe/foil-pack-chicken-and-rainbow-veggies
Sheet Pan Steak And Rainbow Veggies Recipe by Tasty,https://tasty.co/recipe/sheet-pan-steak-and-rainbow-veggies,97,44,https://tasty.co/recipe/lemon-garlic-slow-cook-chicken
Chicken Tagine Recipe by Tasty,https://tasty.co/recipe/chicken-tagine,79,37,https://tasty.co/recipe/lemon-garlic-slow-cook-chicken
7-Layer Steak Sandwich Recipe by Tasty,https://tasty.co/recipe/7-layer-steak-sandwich,96,4,https://tasty.co/recipe/slow-cooker-pot-roast-1
Honey Garlic Slow Cooker Ribs Recipe by Tasty,https://tasty.co/recipe/honey-garlic-slow-cooker-ribs,92,108,https://tasty.co/recipe/slow-cooker-pot-roast-1
Slow Cooker Herb Butter Chicken Recipe by Tasty,https://tasty.co/recipe/slow-cooker-herb-butter-chicken,93,30,https://tasty.co/recipe/slow-cooker-pot-roast-1
Salt-Crusted Beef Tenderloin Recipe by Tasty,https://tasty.co/recipe/salt-crusted-beef-tenderloin,86,21,https://tasty.co/recipe/slow-cooker-pot-roast-1
Old Bay Turkey Boil Recipe by Tasty,https://tasty.co/recipe/old-bay-turkey-boil,90,15,https://tasty.co/recipe/instant-pot-whole-herb-chicken
Garlic Herb Shrimp And Spaghetti Squash Recipe by Tasty,https://tasty.co/recipe/garlic-herb-shrimp-and-spaghetti-squash,97,30,https://tasty.co/recipe/instant-pot-whole-herb-chicken
Summer Chicken Marbella,https://tasty.co/recipe/summer-chicken-marbella,84,11,https://tasty.co/recipe/instant-pot-whole-herb-chicken
How To Host An Air Fryer Feast,https://tasty.co/recipe/air-fryer-roast-chicken,82,10,https://tasty.co/recipe/roast-chicken
Homemade Chinese-Style Crispy Duck In A Pancake Recipe by Tasty,https://tasty.co/recipe/homemade-chinese-style-crispy-duck-in-a-pancake,97,3,https://tasty.co/recipe/roast-chicken
How To Roast A Thanksgiving Turkey Recipe by Tasty,https://tasty.co/recipe/how-to-roast-a-thanksgiving-turkey,98,64,https://tasty.co/recipe/roast-chicken
Whole-roasted Chicken and Veggies Recipe by Tasty,https://tasty.co/recipe/whole-roasted-chicken-and-veggies,97,50,https://tasty.co/recipe/roast-chicken
Baja Bánh Mì Recipe by Tasty,https://tasty.co/recipe/baja-banh-mi,93,9,https://tasty.co/recipe/one-whole-chicken-three-different-meals
How To Make Tachin Joojeh (Persian Chicken And Rice Casserole),https://tasty.co/recipe/tachin-joojeh,86,10,https://tasty.co/recipe/one-whole-chicken-three-different-meals
Chef JJ’s Plantain Nachos Recipe by Tasty,https://tasty.co/recipe/chef-jjs-plantain-nachos,98,10,https://tasty.co/recipe/one-whole-chicken-three-different-meals
Pollo Ciudad With Cilantro Sauce And Pickled Tomato Salsa Recipe by Tasty,https://tasty.co/recipe/pollo-ciudad-with-cilantro-sauce-and-pickled-tomato-salsa,94,21,https://tasty.co/recipe/one-whole-chicken-three-different-meals
Roasted Butternut Squash Soup Recipe by Tasty,https://tasty.co/recipe/roasted-butternut-squash-soup,89,19,https://tasty.co/recipe/jens-japanese-arancini
Ackee And Saltfish With Bammy As Made By Karamo And Jason Brown Recipe by Tasty,https://tasty.co/recipe/ackee-and-saltfish-with-bammy-as-made-by-karamo-and-jason-brown,77,8,https://tasty.co/recipe/jens-japanese-arancini
Vegetarian Breakfast Apple Sausages Recipe by Tasty,https://tasty.co/recipe/vegetarian-breakfast-apple-sausages,85,24,https://tasty.co/recipe/kale-sweet-potato-and-onion-frittata
Shepherd's Pie Twice-Baked Potato Recipe by Tasty,https://tasty.co/recipe/shepherd-s-pie-twice-baked-potato,96,57,https://tasty.co/recipe/kale-sweet-potato-and-onion-frittata
Creamy One-Pot Spinach And Egg Breakfast Recipe by Tasty,https://tasty.co/recipe/creamy-one-pot-spinach-and-egg-breakfast,95,29,https://tasty.co/recipe/kale-sweet-potato-and-onion-frittata
Salvadoran Pupusas As Made By Curly And His Abuelita Recipe by Tasty,https://tasty.co/recipe/salvadoran-pupusas-as-made-by-curly-and-his-abuelita,97,77,https://tasty.co/recipe/3-hour-burger
Vegan Egg Recipe by Tasty,https://tasty.co/recipe/vegan-egg,23,10,https://tasty.co/recipe/3-hour-burger
The Best Ever Vegan Burger Recipe by Tasty,https://tasty.co/recipe/the-best-ever-vegan-burger,88,25,https://tasty.co/recipe/homemade-vegan-burger-with-vegan-aioli
Chicken Curry Naan Bowls Recipe by Tasty,https://tasty.co/recipe/chicken-curry-naan-bowls,99,100,https://tasty.co/recipe/homemade-vegan-burger-with-vegan-aioli
Tofu Scramble Breakfast Burrito Recipe by Tasty,https://tasty.co/recipe/tofu-scramble-breakfast-burrito,90,11,https://tasty.co/recipe/homemade-vegan-burger-with-vegan-aioli
The Best Ever Vegan Mac ‘N’ Cheese Recipe by Tasty,https://tasty.co/recipe/the-best-ever-vegan-mac-n-cheese,89,28,https://tasty.co/recipe/homemade-vegan-burger-with-vegan-aioli
Creamy Tuscan Chicken Rolls Recipe by Tasty,https://tasty.co/recipe/creamy-tuscan-chicken-rolls,98,33,https://tasty.co/recipe/rib-eye-steak-with-blue-cheese-compound-butter-and-crispy-onion-strings
Low-Carb Steak Salad With Dijon Vinaigrette Recipe by Tasty,https://tasty.co/recipe/low-carb-steak-salad-with-dijon-vinaigrette,95,17,https://tasty.co/recipe/rib-eye-steak-with-blue-cheese-compound-butter-and-crispy-onion-strings
Mushroom Lentil Burger & Fries Recipe by Tasty,https://tasty.co/recipe/mushroom-lentil-burger-fries,93,52,https://tasty.co/recipe/rib-eye-steak-with-blue-cheese-compound-butter-and-crispy-onion-strings
Upgraded Chicken And Waffle Nachos,https://tasty.co/recipe/chicken-and-waffles-nachos,92,6,https://tasty.co/recipe/rib-eye-steak-with-blue-cheese-compound-butter-and-crispy-onion-strings
Chili Cheese Burger Bowls Recipe by Tasty,https://tasty.co/recipe/chili-cheese-burger-bowls,95,14,https://tasty.co/recipe/country-fried-steak-and-gravy
Fried Chicken By Marcus Samuelsson Recipe by Tasty,https://tasty.co/recipe/fried-chicken-by-marcus-samuelsson,98,12,https://tasty.co/recipe/country-fried-steak-and-gravy
Country-Fried Cauliflower Steaks And Gravy Recipe by Tasty,https://tasty.co/recipe/country-fried-cauliflower-steaks-and-gravy,85,25,https://tasty.co/recipe/country-fried-steak-and-gravy
Crispy- Creamy Chicken Cordon Bleu Recipe by Tasty,https://tasty.co/recipe/crispy-creamy-chicken-cordon-bleu,96,222,https://tasty.co/recipe/country-fried-steak-and-gravy
Chicken Fried Steak Bites Recipe by Tasty,https://tasty.co/recipe/chicken-fried-steak-bites,92,17,https://tasty.co/recipe/country-fried-steak-and-gravy
Japanese Popcorn Chicken Karaage,https://tasty.co/recipe/japanese-popcorn-chicken-karaage,97,40,https://tasty.co/recipe/buffalo-meatball-corn-dogs
Veggie Nuggets Recipe by Tasty,https://tasty.co/recipe/veggie-nuggets,75,37,https://tasty.co/recipe/buffalo-meatball-corn-dogs
Ultimate Crispy “Chicken” Sandwich Recipe by Tasty,https://tasty.co/recipe/ultimate-crispy-chicken-sandwich,80,1,https://tasty.co/recipe/buffalo-meatball-corn-dogs
Cornbread Crab Cakes By Lawrence Page Recipe by Tasty,https://tasty.co/recipe/cornbread-crab-cakes-as-made-by-lawrence-page,97,51,https://tasty.co/recipe/buffalo-meatball-corn-dogs
The Ultimate Breakfast Corndog Recipe by Tasty,https://tasty.co/recipe/the-ultimate-breakfast-corndog,87,57,https://tasty.co/recipe/buffalo-meatball-corn-dogs
Muffin Tin Deviled Eggs Recipe by Tasty,https://tasty.co/recipe/muffin-tin-deviled-eggs,84,13,https://tasty.co/topic/game-day
Buffalo Chicken Sliders Recipe by Tasty,https://tasty.co/recipe/buffalo-chicken-sliders,97,87,https://tasty.co/topic/game-day
Extra Crispy Spicy Fried Cauliflower Recipe by Tasty,https://tasty.co/recipe/extra-crispy-spicy-fried-cauliflower,96,21,https://tasty.co/topic/game-day
Protein-Packed Buddha Bowl Recipe by Tasty,https://tasty.co/recipe/protein-packed-buddha-bowl,96,90,https://tasty.co/topic/game-day
Hot Chicken Dip Recipe by Tasty,https://tasty.co/recipe/hot-chicken-dip,90,8,https://tasty.co/topic/game-day
Stuffed Firecracker Chicken Rolls Recipe by Tasty,https://tasty.co/recipe/stuffed-firecracker-chicken-rolls,88,18,https://tasty.co/topic/game-day
Classic Hot Crab Dip For A Crowd Recipe by Tasty,https://tasty.co/recipe/classic-hot-crab-dip-for-a-crowd,97,21,https://tasty.co/topic/game-day
Smoky Oven-Fried Chicken Recipe by Tasty,https://tasty.co/recipe/smoky-oven-fried-chicken,93,17,https://tasty.co/topic/game-day
Buffalo Chickpea Wraps Recipe by Tasty,https://tasty.co/recipe/buffalo-chickpea-wraps,97,88,https://tasty.co/topic/game-day
Baked Buffalo Wings Recipe by Tasty,https://tasty.co/recipe/baked-buffalo-wings,94,66,https://tasty.co/topic/game-day
Buffalo Chicken Totchos Recipe by Tasty,https://tasty.co/recipe/buffalo-chicken-totchos,98,13,https://tasty.co/topic/game-day
The Only Classic Chocolate Cake Recipe You Need,https://tasty.co/recipe/classic-chocolate-cake,92,54,https://tasty.co/topic/game-day
Buffalo Cauliflower Nachos Recipe by Tasty,https://tasty.co/recipe/buffalo-cauliflower-nachos,96,9,https://tasty.co/topic/game-day
Potato Crust Breakfast Pizza Recipe by Tasty,https://tasty.co/recipe/potato-crust-breakfast-pizza,89,29,https://tasty.co/topic/game-day
Buffalo Chicken Mozzarella Sticks Recipe by Tasty,https://tasty.co/recipe/buffalo-chicken-mozzarella-sticks,89,23,https://tasty.co/topic/game-day
Sourdough Starter Recipe by Tasty,https://tasty.co/recipe/sourdough-starter,80,8,https://tasty.co
Classic Meat lover's Calzone,https://tasty.co/recipe/classic-meat-lovers-calzones,96,101,https://tasty.co